work_slug,sections,passages,notes,verses,intro_sections,preface_sections,main_sections,appendix_sections,commentary_sections,note_sections,dominant_role,has_introduction,has_appendix,has_commentary
alexander-von-alexandrien-250-328-absetzung-des-arius-swkv-de,1,1,1,4,1,0,0,0,0,0,introduction,1,0,0
alexander-von-alexandrien-250-328-umlaufschreiben-de,8,7,18,18,0,0,7,0,0,0,main_text,0,0,0
ambrosius-von-mailand-340-397-der-tod-ein-gut-bkv-de,13,12,66,69,0,0,12,0,0,0,main_text,0,0,0
ambrosius-von-mailand-340-397-einleitung-zur-schrift-tod-ein-gut-de,2,1,0,2,1,0,0,0,0,0,introduction,1,0,0
ambrosius-von-mailand-340-397-uber-den-tod-seines-bruders-satyrus-bkv-de,41,38,70,213,0,0,38,0,0,0,main_text,0,0,0
ambrosius-von-mailand-340-397-einleitung-zur-schrift-uber-den-tod-seines-bruders-satyrus-de,2,1,1,8,1,0,0,0,0,0,introduction,1,0,0
ambrosius-von-mailand-340-397-die-flucht-vor-der-welt-bkv-de,10,9,59,66,0,0,9,0,0,0,main_text,0,0,0
ambrosius-von-mailand-340-397-einleitung-zur-schrift-uber-die-flucht-vor-der-welt-de,2,1,0,2,1,0,0,0,0,0,introduction,1,0,0
ambrosius-von-mailand-340-397-uber-die-mysterien-bkv-de,69,68,126,77,0,0,55,0,0,13,main_text,0,0,1
ambrosius-von-mailand-340-397-einleitung-uber-die-mysterien-de,2,1,4,6,0,0,1,0,0,0,main_text,0,0,0
ambrosius-von-mailand-340-397-trauerrede-auf-kaiser-theodosius-d-gr-bkv-de,57,56,127,56,0,0,53,1,0,2,main_text,0,1,1
ambrosius-von-mailand-340-397-von-den-pflichten-der-kirchendiener-bkv-de,106,102,895,758,0,0,102,0,0,0,main_text,0,0,0
ambrosius-von-mailand-340-397-uber-die-busse-bkv-de,31,28,106,233,0,0,28,0,0,0,main_text,0,0,0
ambrosius-von-mailand-340-397-einleitung-zur-schrift-uber-die-busse-de,2,1,0,3,1,0,0,0,0,0,introduction,1,0,0
ambrosius-von-mailand-340-397-uber-die-wittwen-bkv-de,16,15,46,104,0,0,15,0,0,0,main_text,0,0,0
ambrosius-von-mailand-340-397-einleitung-zur-schrift-uber-die-wittwen-de,2,1,0,2,1,0,0,0,0,0,introduction,1,0,0
ambrosius-von-mailand-340-397-uber-die-jungfrauen-bkv-de,177,173,230,199,0,0,163,2,0,8,main_text,0,1,1
ambrosius-von-mailand-340-397-einleitung-uber-die-jungfrauen-drei-bucher-de,2,1,3,7,0,0,1,0,0,0,main_text,0,0,0
ambrosius-von-mailand-340-397-uber-die-jungfraulichkeit-bkv-de,21,20,60,141,0,0,20,0,0,0,main_text,0,0,0
ambrosius-von-mailand-340-397-einleitung-zur-schrift-uber-die-jungfraulichkeit-de,2,1,0,2,1,0,0,0,0,0,introduction,1,0,0
ambrosius-von-mailand-340-397-exameron-bkv-de,417,400,499,499,1,0,394,1,0,4,main_text,1,1,1
ambrosius-von-mailand-340-397-lukaskommentar-mit-ausschluss-der-leidensgeschichte-bkv-de,926,917,2664,1055,1,0,832,1,0,83,main_text,1,1,1
apokryphe-literatur-die-beiden-bucher-des-jeu-de,54,52,20,411,0,0,52,0,0,0,main_text,0,0,0
apokryphe-literatur-einleitung-in-die-koptisch-gnostischen-schriften-de,14,12,3,61,1,0,10,0,1,0,main_text,1,0,1
apokryphe-literatur-oden-salomos-bkv-de,43,42,72,166,0,0,42,0,0,0,main_text,0,0,0
apokryphe-literatur-vorrede-einleitung-und-geschichtliche-untersuchungen-de,15,13,73,394,1,0,11,1,0,0,main_text,1,1,0
apokryphe-literatur-thomas-evangelium-de,115,114,0,274,0,0,112,2,0,0,main_text,0,1,0
aristides-von-athen-50-134-apologie-bkv-de,18,18,283,56,0,0,17,0,0,1,main_text,0,0,1
aristides-von-athen-50-134-einleitung-zur-apologie-des-aristides-de,9,8,102,26,0,0,8,0,0,0,main_text,0,0,0
armenische-vater-allgemeine-einleitung-die-patrologische-literatur-der-armenier-de,2,1,36,19,1,0,0,0,0,0,introduction,1,0,0
armenische-vater-ausgewahlte-reden-aus-dem-hatschachapatum-reden-und-lehren-zum-nutzen-der-zuhorer-bkv-de,8,8,90,115,1,0,7,0,0,0,main_text,1,0,0
armenische-vater-beschreibung-des-lebens-und-sterbens-des-hl-lehrers-mesrop-bkv-de,26,25,88,91,0,0,25,0,0,0,main_text,0,0,0
armenische-vater-wider-die-irrlehren-bkv-de,94,89,205,458,0,0,89,0,0,0,main_text,0,0,0
armenische-vater-erklarung-des-vaterunsers-bkv-de,11,9,0,11,0,0,9,0,0,0,main_text,0,0,0
armenische-vater-einleitung-zur-erklarung-des-vaterunsers-von-elische-de,2,1,0,8,1,0,0,0,0,0,introduction,1,0,0
armenische-vater-homilie-uber-die-auferweckung-des-lazarus-bkv-de,23,22,0,24,0,0,22,0,0,0,main_text,0,0,0
armenische-vater-einleitung-zu-mambre-verzanogh-homilie-uber-die-auferweckung-des-lazarus-de,2,1,0,21,1,0,0,0,0,0,introduction,1,0,0
armenische-vater-reden-des-katholikos-johannes-mandakuni-bkv-de,411,385,379,430,0,0,379,1,0,5,main_text,0,1,1
armenische-vater-worte-der-ermahnung-uber-die-einsiedler-bkv-de,10,9,2,19,0,0,9,0,0,0,main_text,0,0,0
armenische-vater-einleitung-zu-den-worten-der-ermahnung-uber-die-einsiedler-de,2,1,0,11,1,0,0,0,0,0,introduction,1,0,0
arnobius-der-altere-240-330-gegen-die-heiden-bkv-de,355,347,0,694,0,0,347,0,0,0,main_text,0,0,0
arnobius-der-altere-240-330-einleitung-de,27,24,2,31,0,0,24,0,0,0,main_text,0,0,0
athanasius-von-alexandrien-295-373-des-hl-athanasius-schutzschrift-an-kaiser-constantius-bkv-de,36,35,53,40,0,0,35,0,0,0,main_text,0,0,0
athanasius-von-alexandrien-295-373-einleitende-notizen-zur-schutzschrift-an-kaiser-constantius-de,2,1,1,6,1,0,0,0,0,0,introduction,1,0,0
athanasius-von-alexandrien-295-373-des-hl-athanasius-schutzschrift-gegen-die-arianer-bkv-de,91,90,100,182,0,0,90,0,0,0,main_text,0,0,0
athanasius-von-alexandrien-295-373-einleitende-notizen-schutzschrift-gegen-die-arianer-de,2,1,1,5,1,0,0,0,0,0,introduction,1,0,0
athanasius-von-alexandrien-295-373-rechtfertigung-wegen-seiner-entweichung-bkv-de,29,27,75,27,0,0,27,0,0,0,main_text,0,0,0
athanasius-von-alexandrien-295-373-gegen-die-heiden-bkv-de,48,47,136,51,0,0,47,0,0,0,main_text,0,0,0
athanasius-von-alexandrien-295-373-einleitung-zu-gegen-die-heiden-und-uber-die-menschwerdung-de,4,3,6,26,1,0,2,0,0,0,main_text,1,0,0
athanasius-von-alexandrien-295-373-uber-die-beschlusse-der-synode-von-nizaa-bkv-de,33,32,101,34,0,0,32,0,0,0,main_text,0,0,0
athanasius-von-alexandrien-295-373-uber-die-menschwerdung-des-logos-und-dessen-leibliche-erscheinung-unter-uns-bkv-de,58,57,105,64,0,0,57,0,0,0,main_text,0,0,0
athanasius-von-alexandrien-295-373-vertheidigung-der-lehre-des-heiligen-dionysius-von-alexandrien-bkv-de,28,27,52,28,0,0,27,0,0,0,main_text,0,0,0
athanasius-von-alexandrien-295-373-einleitung-zur-vertheidigung-der-lehre-des-heiligen-dionysius-von-alexandrien-de,1,1,0,10,1,0,0,0,0,0,introduction,1,0,0
athanasius-von-alexandrien-295-373-abhandlung-uber-die-synoden-zu-rimini-in-italien-und-zu-seleucia-in-isaurien-bkv-de,59,58,133,113,0,0,58,0,0,0,main_text,0,0,0
athanasius-von-alexandrien-295-373-einleitung-zu-den-werken-des-athanasius-de,7,6,28,44,0,0,6,0,0,0,main_text,0,0,0
athanasius-von-alexandrien-295-373-brief-an-den-bischof-und-bekenner-adelphius-bkv-de,9,8,21,8,0,0,8,0,0,0,main_text,0,0,0
athanasius-von-alexandrien-295-373-brief-an-die-bischofe-in-afrika-bkv-de,13,11,33,11,0,0,11,0,0,0,main_text,0,0,0
athanasius-von-alexandrien-295-373-brief-an-den-einsiedler-amun-bkv-de,1,1,12,5,1,0,0,0,0,0,introduction,1,0,0
athanasius-von-alexandrien-295-373-unseres-heiligen-vaters-athanasius-erzbischofes-von-alexandrien-brief-an-den-dracontius-bkv-de,11,10,11,10,0,0,10,0,0,0,main_text,0,0,0
athanasius-von-alexandrien-295-373-brief-an-epiktet-bkv-de,13,12,30,13,0,0,12,0,0,0,main_text,0,0,0
athanasius-von-alexandrien-295-373-einleitung-brief-an-epiktetus-bkv-de,2,1,9,8,1,0,0,0,0,0,introduction,1,0,0
athanasius-von-alexandrien-295-373-rundschreiben-an-die-bischofe-agyptens-und-libyens-bkv-de,24,23,86,23,0,0,23,0,0,0,main_text,0,0,0
athanasius-von-alexandrien-295-373-einleitende-notizen-athanasius-rundschreiben-an-die-bischofe-agyptens-und-libyens-de,2,1,0,4,1,0,0,0,0,0,introduction,1,0,0
athanasius-von-alexandrien-295-373-brief-an-die-priester-johannes-und-antiochus-bkv-de,1,1,2,6,1,0,0,0,0,0,introduction,1,0,0
athanasius-von-alexandrien-295-373-brief-an-den-kaiser-jovianus-bkv-de,7,5,0,7,0,0,5,0,0,0,main_text,0,0,0
athanasius-von-alexandrien-295-373-vorerinnerung-zum-brief-an-den-kaiser-jovianus-de,7,6,0,10,0,0,6,0,0,0,main_text,0,0,0
athanasius-von-alexandrien-295-373-des-hl-athanasius-brief-an-marcellinus-uber-die-erklarung-der-psalmen-bkv-de,34,33,76,58,0,0,33,0,0,0,main_text,0,0,0
athanasius-von-alexandrien-295-373-einleitende-notizen-zum-brief-an-marcellinus-de,2,1,0,3,1,0,0,0,0,0,introduction,1,0,0
athanasius-von-alexandrien-295-373-brief-an-den-philosophen-maximus-bkv-de,6,6,11,8,1,0,4,1,0,0,main_text,1,1,0
athanasius-von-alexandrien-295-373-brief-an-die-einsiedler-bkv-de,4,3,8,4,0,0,3,0,0,0,main_text,0,0,0
athanasius-von-alexandrien-295-373-brief-an-den-priester-palladius-bkv-de,1,1,1,6,1,0,0,0,0,0,introduction,1,0,0
athanasius-von-alexandrien-295-373-brief-an-den-rufinianus-bkv-de,2,1,2,3,0,0,1,0,0,0,main_text,0,0,0
athanasius-von-alexandrien-295-373-brief-an-den-bruder-serapion-bkv-de,6,5,2,6,0,0,5,0,0,0,main_text,0,0,0
athanasius-von-alexandrien-295-373-umlaufschreiben-des-heiligen-athanasius-bischofs-von-alexandrien-bkv-de,8,7,6,8,0,0,7,0,0,0,main_text,0,0,0
athanasius-von-alexandrien-295-373-briefe-des-heil-athanasius-an-orsisius-abt-von-tabenna-bkv-de,3,2,5,7,0,0,2,0,0,0,main_text,0,0,0
athanasius-von-alexandrien-295-373-vier-briefe-an-serapion-v-thmuis-bkv-de,77,72,438,72,0,0,72,0,0,0,main_text,0,0,0
athanasius-von-alexandrien-295-373-einleitung-vier-briefe-an-serapion-de,4,3,35,17,0,0,3,0,0,0,main_text,0,0,0
athanasius-von-alexandrien-295-373-ein-bruchstuck-aus-dem-neununddreissigsten-festbriefe-des-heil-athanasius-bkv-de,1,1,6,2,1,0,0,0,0,0,introduction,1,0,0
athanasius-von-alexandrien-295-373-des-hl-athanasius-erklarung-der-psalmen-bkv-de,152,151,787,2265,0,0,149,2,0,0,main_text,0,1,0
athanasius-von-alexandrien-295-373-einleitende-notizen-zur-psalmenerklarung-de,2,1,0,3,1,0,0,0,0,0,introduction,1,0,0
athanasius-von-alexandrien-295-373-darstellung-des-glaubens-bkv-de,5,4,17,4,0,0,4,0,0,0,main_text,0,0,0
athanasius-von-alexandrien-295-373-geschichte-der-arianer-bkv-de,83,82,76,102,0,0,81,0,0,1,main_text,0,0,1
athanasius-von-alexandrien-295-373-abhandlung-uber-die-worte-mir-sind-alle-dinge-von-meinem-vater-ubergeben-worden-bkv-de,7,6,22,7,0,0,6,0,0,0,main_text,0,0,0
athanasius-von-alexandrien-295-373-erzahlung-der-flucht-des-heil-athanasius-unter-dem-kaiser-julianus-an-den-bischof-ammonius-und-andere-bkv-de,2,1,2,2,0,0,1,0,0,0,main_text,0,0,0
athanasius-von-alexandrien-295-373-vier-reden-gegen-die-arianer-bkv-de,254,249,1179,255,0,0,249,0,0,0,main_text,0,0,0
athanasius-von-alexandrien-295-373-einleitung-zu-den-reden-gegen-die-arianer-bkv-de,6,5,39,78,2,0,0,3,0,0,appendix,1,1,0
athanasius-von-alexandrien-295-373-schreiben-an-die-antiochier-bkv-de,11,11,13,14,1,0,10,0,0,0,main_text,1,0,0
athanasius-von-alexandrien-295-373-leben-des-heiligen-antonius-bkv-de,96,95,248,191,1,0,94,0,0,0,main_text,1,0,0
athanasius-von-alexandrien-295-373-einleitung-die-vita-des-antonius-de,5,4,10,19,0,0,3,0,1,0,main_text,0,0,1
athenagoras-von-athen-133-190-uber-die-auferstehung-der-toten-bkv-de,26,25,6,29,0,0,25,0,0,0,main_text,0,0,0
athenagoras-von-athen-133-190-einleitung-zu-athenagoras-auferstehung-der-toten-de,2,1,0,9,0,0,0,1,0,0,appendix,0,1,0
athenagoras-von-athen-133-190-bittschrift-fur-die-christen-bkv-de,38,37,98,98,0,0,36,1,0,0,main_text,0,1,0
athenagoras-von-athen-133-190-einleitung-zu-athenagoras-bittschrift-fur-die-christen-de,7,6,1,23,0,0,5,1,0,0,main_text,0,1,0
augustinus-von-hippo-354-430-bekenntnisse-de,292,278,744,762,0,0,274,1,3,0,main_text,0,1,1
augustinus-von-hippo-354-430-einleitung-in-die-confessiones-de,3,2,1,10,0,0,0,2,0,0,appendix,0,1,0
augustinus-von-hippo-354-430-gegen-faustus-de,466,432,0,628,1,0,431,0,0,0,main_text,1,0,0
augustinus-von-hippo-354-430-vom-glucklichen-leben-chatgpt-de,41,36,9,47,0,0,35,1,0,0,main_text,0,1,0
augustinus-von-hippo-354-430-vom-ersten-katechetischen-unterricht-bkv-de,34,27,162,91,1,0,24,2,0,0,main_text,1,1,0
augustinus-von-hippo-354-430-vom-ersten-katechetischen-unterricht-skv-7-de,34,27,273,155,0,0,27,0,0,0,main_text,0,0,0
augustinus-von-hippo-354-430-erlauterungen-zum-autor-und-zum-text-de,20,14,26,317,0,0,10,2,1,1,main_text,0,1,1
augustinus-von-hippo-354-430-zweiundzwanzig-bucher-uber-den-gottesstaat-bkv-de,689,667,2292,1990,6,0,651,5,2,3,main_text,1,1,1
augustinus-von-hippo-354-430-vier-bucher-uber-die-christliche-lehre-bkv-de,154,149,358,399,2,0,141,5,1,0,main_text,1,1,1
augustinus-von-hippo-354-430-einleitung-vier-bucher-uber-die-christliche-lehre-de,2,1,5,7,1,0,0,0,0,0,introduction,1,0,0
augustinus-von-hippo-354-430-vom-glauben-und-von-den-werken-bkv-de,28,27,222,104,0,0,26,0,1,0,main_text,0,0,1
augustinus-von-hippo-354-430-uber-den-meister-chatgpt-de,61,47,16,340,0,0,47,0,0,0,main_text,0,0,0
augustinus-von-hippo-354-430-de-musica-pl-de,289,200,23,201,0,0,198,1,0,1,main_text,0,1,1
augustinus-von-hippo-354-430-funfzehn-bucher-uber-die-dreieinigkeit-de,241,240,1204,662,4,0,234,2,0,0,main_text,1,1,0
augustinus-von-hippo-354-430-einleitung-de,13,12,138,53,1,0,11,0,0,0,main_text,1,0,0
augustinus-von-hippo-354-430-enchiridion-oder-buch-vom-glauben-von-der-hoffnung-und-von-der-liebe-bkv-de,156,123,343,127,0,0,117,1,0,5,main_text,0,1,1
augustinus-von-hippo-354-430-ausgewahlte-briefe-bkv-de,967,966,1818,1530,0,0,960,0,0,6,main_text,0,0,1
augustinus-von-hippo-354-430-vorrede-de,3,2,0,40,1,0,1,0,0,0,introduction,1,0,0
augustinus-von-hippo-354-430-vier-bucher-uber-das-symbolum-an-die-katechumenen-bkv-buch-2-4-ist-von-quodvultdeus-de,56,51,338,160,0,0,44,5,1,1,main_text,0,1,1
augustinus-von-hippo-354-430-gott-ist-die-liebe-die-predigten-des-hl-augustinus-uber-den-1-johannesbrief-de,45,34,23,177,0,0,34,0,0,0,main_text,0,0,0
augustinus-von-hippo-354-430-einleitung-gott-ist-die-liebe-die-predigten-des-hl-augustinus-uber-den-1-johannesbrief-de,4,4,6,19,3,0,1,0,0,0,introduction,1,0,0
augustinus-von-hippo-354-430-vortrage-uber-das-johannes-evangelium-bkv-de,1371,1246,2432,1498,110,0,1119,0,0,17,main_text,1,0,1
barnabasbrief-100-barnabasbrief-bkv-de,22,21,120,43,0,0,21,0,0,0,main_text,0,0,0
barnabasbrief-100-einleitung-zum-barnabasbrief-de,2,1,13,7,0,0,1,0,0,0,main_text,0,0,0
basilius-von-casarea-330-379-mahnwort-an-die-jugend-uber-den-nutzlichen-gebrauch-der-heidnischen-literatur-bkv-de,9,8,81,35,0,0,8,0,0,0,main_text,0,0,0
basilius-von-casarea-330-379-funfundfunfzig-ausfuhrliche-regeln-in-frage-und-antworten-bkv-de,219,163,283,282,1,0,161,1,0,0,main_text,1,1,0
basilius-von-casarea-330-379-313-kurzgefasste-vorschriften-bkv-de,316,315,644,944,1,0,261,0,0,53,main_text,1,0,1
basilius-von-casarea-330-379-drei-vorlaufige-ascetische-unterweisungen-bkv-de,23,18,29,18,0,0,18,0,0,0,main_text,0,0,0
basilius-von-casarea-330-379-allgemeine-einleitung-de,15,12,134,58,0,0,11,0,0,1,main_text,0,0,1
basilius-von-casarea-330-379-ausgewahlte-briefe-bkv-de,303,302,852,605,0,0,281,1,0,20,main_text,0,1,1
basilius-von-casarea-330-379-ausgewahlte-predigten-bkv-de,197,173,749,381,0,0,153,20,0,0,main_text,0,1,0
basilius-von-casarea-330-379-einleitung-predigten-de,2,1,15,20,1,0,0,0,0,0,introduction,1,0,0
basilius-von-casarea-330-379-homilien-uber-das-hexaemeron-bkv-de,96,86,357,200,0,0,77,9,0,0,main_text,0,1,0
basilius-von-casarea-330-379-einleitung-zum-hexaemeron-de,2,1,10,10,1,0,0,0,0,0,introduction,1,0,0
benedikt-von-nursia-480-547-die-regel-des-hl-benedikt-bkv-de,75,74,352,210,1,0,68,0,0,5,main_text,1,0,1
boethius-anicius-manlius-severinus-480-524-trost-der-philosophie-bkv-de,46,40,0,930,0,0,40,0,0,0,main_text,0,0,0
boethius-anicius-manlius-severinus-480-524-nachwort-trost-der-philosophie-de,1,1,38,21,1,0,0,0,0,0,introduction,1,0,0
bonifacius-i-papst-418-422-briefe-bkv-de,67,62,109,152,10,0,42,3,0,7,main_text,1,1,1
clemens-von-alexandrien-150-215-paidagogos-bkv-de,374,334,1487,1213,0,0,333,0,0,1,main_text,0,0,1
clemens-von-alexandrien-150-215-protrepticus-de,136,123,716,520,0,0,123,0,0,0,main_text,0,0,0
clemens-von-alexandrien-150-215-welcher-reiche-wird-gerettet-werden-bkv-de,43,42,311,47,0,0,42,0,0,0,main_text,0,0,0
clemens-von-alexandrien-150-215-teppiche-bkv-de,1186,1032,5091,4690,0,0,1029,0,0,3,main_text,0,0,1
clemens-von-rom-35-99-erster-brief-an-die-korinther-bkv-de,66,66,124,133,1,0,65,0,0,0,main_text,1,0,0
clemens-von-rom-35-99-einleitung-zum-ersten-klemensbrief-de,2,1,34,15,0,0,1,0,0,0,main_text,0,0,0
clemens-von-rom-35-99-zweiter-brief-des-klemens-an-die-korinther-bkv-de,21,20,35,40,0,0,20,0,0,0,main_text,0,0,0
clemens-von-rom-35-99-einleitung-zum-sogenannten-zweite-brief-des-klemens-an-die-korinther-de,2,1,14,6,1,0,0,0,0,0,introduction,1,0,0
coelestin-i-papst-422-432-briefe-bkv-de,122,118,437,337,19,0,89,6,0,4,main_text,1,1,1
cyprian-von-karthago-200-258-die-prokonsularischen-akten-des-hl-cyprian-bkv-de,7,6,0,6,0,0,5,1,0,0,main_text,0,1,0
cyprian-von-karthago-200-258-an-demetrianus-bkv-de,32,26,44,52,0,0,26,0,0,0,main_text,0,0,0
cyprian-von-karthago-200-258-an-donatus-bkv-de,22,16,28,32,0,0,16,0,0,0,main_text,0,0,0
cyprian-von-karthago-200-258-an-fortunatus-bkv-de,3,2,1,6,1,0,0,1,0,0,introduction,1,1,0
cyprian-von-karthago-200-258-vom-segen-der-geduld-bkv-de,32,24,60,48,1,0,23,0,0,0,main_text,1,0,0
cyprian-von-karthago-200-258-uber-die-einheit-der-katholischen-kirche-bkv-de,34,27,100,54,0,0,26,1,0,0,main_text,0,1,0
cyprian-von-karthago-200-258-uber-das-gebet-des-herrn-bkv-de,43,36,114,72,0,0,35,1,0,0,main_text,0,1,0
cyprian-von-karthago-200-258-uber-die-haltung-der-jungfrauen-bkv-de,30,24,59,49,0,0,24,0,0,0,main_text,0,0,0
cyprian-von-karthago-200-258-uber-die-gefallenen-bkv-de,40,36,84,72,0,0,36,0,0,0,main_text,0,0,0
cyprian-von-karthago-200-258-uber-die-sterblichkeit-bkv-de,34,26,55,52,0,0,25,0,0,1,main_text,0,0,1
cyprian-von-karthago-200-258-uber-gute-werke-und-almosen-bkv-de,27,26,71,50,0,0,26,0,0,0,main_text,0,0,0
cyprian-von-karthago-200-258-uber-eifersucht-und-neid-bkv-de,23,18,40,36,0,0,18,0,0,0,main_text,0,0,0
cyprian-von-karthago-200-258-briefe-bkv-de,488,406,802,990,0,0,403,0,0,3,main_text,0,0,1
cyprian-von-karthago-200-258-die-ausserungen-der-87-bischofe-uber-die-notwendigkeit-der-ketzertaufe-bkv-de,3,2,1,6,1,0,0,1,0,0,introduction,1,1,0
cyprian-von-karthago-200-258-an-quirinus-drei-bucher-schriftbeweise-bkv-de,5,4,0,180,1,0,3,0,0,0,main_text,1,0,0
cyprian-von-karthago-200-258-leben-des-cacilius-cyprianus-von-diakon-pontius-bkv-de,20,19,73,40,0,0,19,0,0,0,main_text,0,0,0
cyrill-von-jerusalem-313-387-mystagogische-katechesen-an-die-neugetauften-bkv-de,69,58,108,74,0,0,46,1,0,11,main_text,0,1,1
cyrill-von-jerusalem-313-387-einleitung-zu-den-kathechesen-de,4,3,49,28,0,0,3,0,0,0,main_text,0,0,0
cyrill-von-jerusalem-313-387-katechesen-an-die-tauflinge-bkv-de,525,472,1597,634,0,0,467,0,0,5,main_text,0,0,1
cyrillus-von-alexandrien-376-444-erklarung-des-nizanischen-glaubensbekenntnisses-bkv-de,32,31,85,33,0,0,30,1,0,0,main_text,0,1,0
cyrillus-von-alexandrien-376-444-gegen-diejenigen-welche-nicht-zugeben-wollen-dass-die-heilige-jungfrau-gottesgebarerin-ist-bkv-de,31,31,81,33,1,0,29,1,0,0,main_text,1,1,0
cyrillus-von-alexandrien-376-444-allgemeine-einleitung-zu-cyrill-de,3,2,3,22,1,0,1,0,0,0,introduction,1,0,0
cyrillus-von-alexandrien-376-444-cyrills-leben-und-schriften-de,2,1,1,41,0,0,1,0,0,0,main_text,0,0,0
cyrillus-von-alexandrien-376-444-uber-die-menschwerdung-des-eingeborenen-bkv-de,23,22,147,155,0,0,22,0,0,0,main_text,0,0,0
cyrillus-von-alexandrien-376-444-uber-den-rechten-glauben-an-den-kaiser-bkv-de,46,45,161,45,0,0,43,2,0,0,main_text,0,1,0
cyrillus-von-alexandrien-376-444-sieben-gesprache-uber-die-heilige-und-wesensgleiche-dreieinigkeit-bkv-de,152,143,779,1530,1,0,142,0,0,0,main_text,1,0,0
basilius-von-casarea-330-379-drei-okumenische-briefe-bkv-de,4,3,59,61,0,0,3,0,0,0,main_text,0,0,0
daniel-stylites-byzantinische-legenden-de,55,55,0,85,1,0,54,0,0,0,main_text,1,0,0
didache-didache-lehre-der-zwolf-apostel-bkv-de,17,17,46,38,1,0,16,0,0,0,main_text,1,0,0
didache-einleitung-zur-didache-oder-apostellehre-de,2,1,15,8,0,0,1,0,0,0,main_text,0,0,0
diognet-150-brief-an-diognet-bkv-de,13,12,20,28,0,0,11,1,0,0,main_text,0,1,0
dionysius-areopagita-ps-520-angeblicher-brief-an-den-monch-demophilus-bkv-de,8,7,50,16,0,0,7,0,0,0,main_text,0,0,0
dionysius-areopagita-ps-520-einleitung-angeblicher-brief-des-heiligen-dionysius-areopagita-an-den-monch-demophilus-de,4,3,4,12,1,0,2,0,0,0,main_text,1,0,0
dionysius-areopagita-ps-520-himmlische-hierarchie-bkv-de,64,50,150,233,0,0,49,0,0,1,main_text,0,0,1
dionysius-areopagita-ps-520-himmlische-hierarchie-edith-stein-de,64,50,0,162,0,0,50,0,0,0,main_text,0,0,0
dionysius-areopagita-ps-520-einleitung-zur-himmlischen-und-kirchlichen-hierarchie-de,10,9,10,43,2,0,7,0,0,0,main_text,1,0,0
dionysius-areopagita-ps-520-schriften-uber-gottliche-namen-bkv-de,124,111,200,240,0,0,108,0,0,3,main_text,0,0,1
dionysius-areopagita-ps-520-von-den-gottlichen-namen-edith-stein-de,124,110,0,205,0,0,110,0,0,0,main_text,0,0,0
dionysius-areopagita-ps-520-einleitung-dionysius-aeropagita-uber-heilige-namen-de,7,4,18,21,1,0,3,0,0,0,main_text,1,0,0
dionysius-areopagita-ps-520-kirchliche-hierarchie-bkv-de,118,97,133,367,0,0,96,0,0,1,main_text,0,0,1
dionysius-areopagita-ps-520-kirchliche-hierarchie-edith-stein-de,118,95,0,266,1,0,93,1,0,0,main_text,1,1,0
dionysius-areopagita-ps-520-mystische-theologie-edith-stein-de,9,7,0,15,0,0,6,1,0,0,main_text,0,1,0
dionysius-areopagita-ps-520-briefe-edith-stein-de,22,19,0,64,0,0,19,0,0,0,main_text,0,0,0
ephram-der-syrer-306-373-ausgewahlte-gesange-gegen-die-grubler-uber-die-glaubensgeheimnisse-bkv-de,150,126,205,263,0,0,111,2,0,13,main_text,0,1,1
ephram-der-syrer-306-373-ausgewahlte-gesange-uber-die-geburt-unseres-heilands-bkv-de,63,53,137,129,0,0,48,1,0,4,main_text,0,1,1
ephram-der-syrer-306-373-einleitung-zu-den-ausgewahlten-gesange-uber-die-geburt-unseres-heilands-de,2,1,1,10,1,0,0,0,0,0,introduction,1,0,0
ephram-der-syrer-306-373-auswahl-ascetischer-abhandlungen-uber-die-christliche-tugend-und-vollkommenheit-bkv-de,41,37,163,217,1,0,33,2,1,0,main_text,1,1,1
ephram-der-syrer-306-373-ausgewahlte-nisibenische-hymnen-bkv-de,48,37,69,362,7,0,30,0,0,0,main_text,1,0,0
ephram-der-syrer-306-373-vorwort-ausgewahlte-nisibenische-hymnen-de,2,1,3,22,1,0,0,0,0,0,introduction,1,0,0
ephram-der-syrer-306-373-das-leben-des-heiligen-ephraem-des-syrers-vita-bkv-de,28,25,40,42,0,0,25,0,0,0,main_text,0,0,0
ephram-der-syrer-306-373-untersuchungen-uber-die-chronologie-ephraem-s-de,14,11,16,27,0,0,10,1,0,0,main_text,0,1,0
ephram-der-syrer-306-373-vorrede-de,2,1,1,8,1,0,0,0,0,0,introduction,1,0,0
ephram-der-syrer-306-373-drei-reden-uber-den-glauben-bkv-de,82,78,75,79,0,0,78,0,0,0,main_text,0,0,0
ephram-der-syrer-306-373-vorbemerkung-drei-reden-uber-den-glauben-de,2,1,9,15,1,0,0,0,0,0,introduction,1,0,0
ephram-der-syrer-306-373-erklarung-des-evangeliums-de,47,44,1480,128,0,0,43,0,0,1,main_text,0,0,1
ephram-der-syrer-306-373-vorwort-zur-erklarung-des-evangeliums-de,3,2,1,24,2,0,0,0,0,0,introduction,1,0,0
ephram-der-syrer-306-373-hymnen-gegen-die-irrlehren-bkv-de,57,56,355,986,0,0,56,0,0,0,main_text,0,0,0
ephram-der-syrer-306-373-proben-katholischer-polemik-aus-des-hl-ephram-reden-gegen-die-ketzer-bkv-de,120,114,312,229,0,0,105,2,0,7,main_text,0,1,1
ephram-der-syrer-306-373-einleitung-zur-polemik-de,2,1,0,4,1,0,0,0,0,0,introduction,1,0,0
ephram-der-syrer-306-373-rede-uber-den-propheten-jonas-und-die-busse-der-niniviten-jonas-32-3-bkv-de,47,47,32,52,1,0,46,0,0,0,main_text,1,0,0
ephram-der-syrer-306-373-rede-uber-den-text-alles-ist-eitelkeit-und-geistesplage-pred-114-bkv-de,9,9,10,13,1,0,8,0,0,0,main_text,1,0,0
ephram-der-syrer-306-373-rede-uber-den-text-der-sunder-werde-hinweggenommen-damit-er-gottes-herrlichkeit-nicht-schaue-js-2610-bkv-de,9,9,19,16,1,0,8,0,0,0,main_text,1,0,0
ephram-der-syrer-306-373-rede-uber-den-text-wehe-uns-dass-wir-gesundigt-haben-klagel-516-bkv-de,14,14,10,17,1,0,13,0,0,0,main_text,1,0,0
ephram-der-syrer-306-373-rede-uber-die-auferweckung-des-lazarus-joh-11-43-bkv-de,15,15,28,19,1,0,14,0,0,0,main_text,1,0,0
ephram-der-syrer-306-373-rede-uber-die-gottesfurcht-und-den-jungsten-tag-bkv-de,13,12,16,12,0,0,11,1,0,0,main_text,0,1,0
ephram-der-syrer-306-373-vorbemerkung-rede-uber-die-gottesfurcht-und-den-jungsten-tag-de,2,1,1,3,1,0,0,0,0,0,introduction,1,0,0
ephram-der-syrer-306-373-rede-uber-die-verklarung-christi-bkv-de,17,17,25,21,1,0,16,0,0,0,main_text,1,0,0
ephram-der-syrer-306-373-vier-lieder-uber-julian-den-apostaten-bkv-de,5,4,95,100,0,0,4,0,0,0,main_text,0,0,0
ephram-der-syrer-306-373-vorbemerkung-vier-lieder-uber-julian-den-apostaten-de,12,11,31,32,0,0,11,0,0,0,main_text,0,0,0
ephram-der-syrer-306-373-vorwort-zu-ephram-d-syrer-de,2,1,3,12,1,0,0,0,0,0,introduction,1,0,0
epiphanius-von-salamis-315-403-anakephalaiosis-auszug-aus-dem-panarion-bkv-de,9,8,62,125,1,0,7,0,0,0,main_text,1,0,0
epiphanius-von-salamis-315-403-der-festgeankerte-bkv-de,126,124,680,136,1,0,122,1,0,0,main_text,1,1,0
epiphanius-von-salamis-315-403-gegen-die-antidikomarianiten-bkv-de,26,25,63,31,0,0,25,0,0,0,main_text,0,0,0
eucherius-von-lyon-380-449-die-thebaische-legion-de,6,5,0,101,0,0,5,0,0,0,main_text,0,0,0
eucherius-von-lyon-380-449-einfuhrung-und-quellen-zur-thebaischen-legion-de,3,2,0,25,0,0,2,0,0,0,main_text,0,0,0
eusebius-von-caesarea-260-339-uber-die-martyrer-in-palastina-bkv-de,15,14,83,21,1,0,13,0,0,0,main_text,1,0,0
eusebius-von-caesarea-260-339-brief-des-eusebius-von-casarea-an-seine-diocesanen-bkv-de,12,11,1,13,0,0,9,2,0,0,main_text,0,1,0
eusebius-von-caesarea-260-339-kirchengeschichte-bkv-de,268,258,1027,800,3,0,238,2,0,15,main_text,1,1,1
eusebius-von-caesarea-260-339-einleitung-kirchengeschichte-des-eusebius-de,4,3,12,21,0,0,3,0,0,0,main_text,0,0,0
eusebius-von-caesarea-260-339-vier-bucher-uber-das-leben-des-kaisers-konstantin-und-des-kaisers-konstantin-rede-an-die-versammlung-der-heiligen-bkv-de,305,299,300,807,4,0,289,0,0,6,main_text,1,0,1
fulgentius-von-ruspe-467-533-allgemeine-einleitung-zu-fulgentius-de,9,7,48,65,0,0,7,0,0,0,main_text,0,0,0
fulgentius-von-ruspe-467-533-ausgewahlte-predigten-bkv-de,64,56,52,56,0,0,56,0,0,0,main_text,0,0,0
fulgentius-von-ruspe-467-533-vom-glauben-an-petrus-bkv-de,133,87,149,101,0,0,83,0,0,4,main_text,0,0,1
fulgentius-von-ruspe-467-533-einleitung-vom-glauben-an-petrus-oder-regel-des-wahren-glaubens-de,2,1,2,9,1,0,0,0,0,0,introduction,1,0,0
fulgentius-von-ruspe-467-533-fulgentius-von-diakon-ferrandus-von-karthago-bkv-de,31,30,73,129,1,0,29,0,0,0,main_text,1,0,0
fulgentius-von-ruspe-467-533-einleitung-zur-fulgentius-vita-de,4,3,16,25,0,0,3,0,0,0,main_text,0,0,0
gerontius-440-das-leben-der-heiligen-melania-bkv-de,72,71,148,72,1,0,68,1,0,1,main_text,1,1,1
gerontius-440-einleitung-zur-vita-der-melania-de,2,1,9,9,1,0,0,0,0,0,introduction,1,0,0
gregor-der-erleuchter-257-331-heilsame-reden-und-lehren-bkv-de,265,242,244,431,0,0,242,0,0,0,main_text,0,0,0
gregor-der-erleuchter-257-331-einleitung-zu-gregor-dem-erleuchter-de,7,5,12,11,0,0,5,0,0,0,main_text,0,0,0
gregor-der-grosse-540-604-ausgewahlte-briefe-de,261,242,787,1436,0,0,238,4,0,0,main_text,0,1,0
gregor-der-grosse-540-604-einleitung-zu-den-briefen-des-gregor-de,2,1,1,9,1,0,0,0,0,0,introduction,1,0,0
gregor-der-grosse-540-604-vier-bucher-dialoge-bkv-de,155,150,276,574,1,0,148,0,0,1,main_text,1,0,1
gregor-der-grosse-540-604-einleitung-zu-den-dialogen-de,9,8,17,33,0,0,6,2,0,0,main_text,0,1,0
gregor-der-grosse-540-604-einleitung-zu-gregor-dem-grossen-de,21,20,100,83,1,0,19,0,0,0,main_text,1,0,0
bibliothek-der-kirchenvater-unbekannt-de,200,200,0,1400,0,0,199,1,0,0,main_text,0,1,0
gregor-der-grosse-540-604-buch-der-pastoralregel-bkv-de,70,65,480,233,1,0,64,0,0,0,main_text,1,0,0
gregor-der-grosse-540-604-einleitung-zum-buch-der-pastoralregel-de,3,1,5,12,1,0,0,0,0,0,introduction,1,0,0
gregor-der-wundertater-glaubenserklarung-bkv-de,1,1,1,2,1,0,0,0,0,0,introduction,1,0,0
gregor-der-wundertater-sendschreiben-kirchlicher-verordnungen-bkv-de,12,12,19,28,1,0,7,2,0,2,main_text,1,1,1
gregor-der-wundertater-lobrede-auf-origenes-bkv-de,20,19,31,30,0,0,18,1,0,0,main_text,0,1,0
gregor-von-nazianz-329-390-leben-und-werk-des-hl-gregor-von-nazianz-bkv-de,2,1,16,19,0,0,1,0,0,0,main_text,0,0,0
gregor-von-nazianz-329-390-1-rede-das-hl-osterfest-erwahnung-der-eigenen-zaghaftigkeit-de,8,7,21,9,0,0,7,0,0,0,main_text,0,0,0
gregor-von-nazianz-329-390-2-rede-uber-seine-flucht-de,118,117,216,130,0,0,112,1,0,4,main_text,0,1,1
gregor-von-nazianz-329-390-3-rede-an-die-welche-gregor-riefen-aber-ihm-nicht-entgegen-kamen-de,9,8,12,10,0,0,7,1,0,0,main_text,0,1,0
gregor-von-nazianz-329-390-4-rede-erste-kampfrede-wider-kaiser-julian-de,125,124,231,138,0,0,121,0,0,3,main_text,0,0,1
gregor-von-nazianz-329-390-5-rede-zweite-kampfrede-wider-kaiser-julian-de,43,42,87,44,0,0,41,1,0,0,main_text,0,1,0
gregor-von-nazianz-329-390-6-rede-erste-rede-uber-den-frieden-de,23,22,59,25,0,0,22,0,0,0,main_text,0,0,0
gregor-von-nazianz-329-390-7-rede-trauerrede-auf-casarius-seinen-bruder-de,25,24,45,26,0,0,24,0,0,0,main_text,0,0,0
gregor-von-nazianz-329-390-8-rede-trauerrede-auf-seine-schwester-gorgonia-de,24,23,17,25,0,0,23,0,0,0,main_text,0,0,0
gregor-von-nazianz-329-390-9-rede-verteidigungsrede-gehalten-vor-seinem-vater-de,7,6,19,8,0,0,6,0,0,0,main_text,0,0,0
gregor-von-nazianz-329-390-10-rede-in-eigener-sache-nach-der-ruckkehr-von-der-flucht-de,5,4,7,6,0,0,4,0,0,0,main_text,0,0,0
gregor-von-nazianz-329-390-11-rede-an-gregor-von-nyssa-de,8,7,28,9,0,0,7,0,0,0,main_text,0,0,0
gregor-von-nazianz-329-390-12-rede-an-seinen-vater-de,7,6,13,8,0,0,6,0,0,0,main_text,0,0,0
gregor-von-nazianz-329-390-13-rede-rede-an-bischof-eulalius-anlasslich-seiner-weihe-de,5,4,27,6,0,0,3,1,0,0,main_text,0,1,0
gregor-von-nazianz-329-390-14-rede-uber-die-liebe-zu-den-armen-de,41,40,102,42,0,0,40,0,0,0,main_text,0,0,0
gregor-von-nazianz-329-390-15-rede-rede-auf-die-makkabaer-de,13,12,12,14,0,0,12,0,0,0,main_text,0,0,0
gregor-von-nazianz-329-390-16-rede-an-den-schweigenden-vater-anlasslich-eines-hagelschlages-de,21,20,94,22,0,0,20,0,0,0,main_text,0,0,0
gregor-von-nazianz-329-390-17-rede-an-die-geangstigten-einwohner-von-nazianz-de,14,13,21,15,0,0,13,0,0,0,main_text,0,0,0
gregor-von-nazianz-329-390-18-rede-grabrede-auf-den-vater-de,44,43,47,49,0,0,43,0,0,0,main_text,0,0,0
gregor-von-nazianz-329-390-19-rede-uber-seine-eigenen-reden-an-den-steuerbeamten-julian-de,18,17,29,19,0,0,16,1,0,0,main_text,0,1,0
gregor-von-nazianz-329-390-20-rede-uber-die-glaubenslehre-und-die-aufstellung-der-bischofe-de,13,12,20,15,0,0,12,0,0,0,main_text,0,0,0
gregor-von-nazianz-329-390-reden-bkv-de,572,551,1107,610,0,0,544,0,0,7,main_text,0,0,1
gregor-von-nyssa-335-394-ausgewahlte-reden-bkv-de,165,140,532,380,0,0,117,23,0,0,main_text,0,1,0
gregor-von-nyssa-335-394-rede-uber-die-worte-der-unzuchtige-sundigt-gegen-seinen-eigenen-leib-de,4,3,11,8,0,0,2,1,0,0,main_text,0,1,0
gregor-von-nyssa-335-394-rede-gegen-die-wucherer-de,7,6,12,13,0,0,5,1,0,0,main_text,0,1,0
gregor-von-nyssa-335-394-erste-rede-von-der-liebe-zu-den-armen-de,9,8,11,21,0,0,7,1,0,0,main_text,0,1,0
gregor-von-nyssa-335-394-abhandlung-uber-die-ausstattung-des-menschen-bkv-de,32,31,135,92,0,0,31,0,0,0,main_text,0,0,0
gregor-von-nyssa-335-394-das-gebet-des-herrn-bkv-de,38,28,26,60,0,0,28,0,0,0,main_text,0,0,0
gregor-von-nyssa-335-394-einleitung-zur-schrift-uber-das-gebet-des-herrn-de,2,1,1,2,1,0,0,0,0,0,introduction,1,0,0
gregor-von-nyssa-335-394-lobrede-auf-den-grossen-martyrer-theodor-de,8,7,6,18,0,0,6,1,0,0,main_text,0,1,0
gregor-von-nyssa-335-394-rede-auf-das-heilige-osterfest-und-die-dreitagige-feier-der-auferstehung-christi-de,7,6,55,19,0,0,5,1,0,0,main_text,0,1,0
gregor-von-nyssa-335-394-rede-uber-das-leben-des-heiligen-gregor-des-wunderthaters-de,16,15,30,45,0,0,14,1,0,0,main_text,0,1,0
gregor-von-nyssa-335-394-gesprach-mit-makrina-uber-seele-und-auferstehung-bkv-de,90,71,28,117,0,0,71,0,0,0,main_text,0,0,0
gregor-von-nyssa-335-394-einleitung-zum-gesprach-mit-makrina-uber-die-seele-und-die-auferstehung-de,2,1,4,3,1,0,0,0,0,0,introduction,1,0,0
gregor-von-nyssa-335-394-allgemeine-einleitung-bkv-de,3,2,20,59,0,0,2,0,0,0,main_text,0,0,0
gregor-von-nyssa-335-394-erste-lobrede-auf-die-vierzig-heiligen-martyrer-de,4,3,7,8,0,0,2,1,0,0,main_text,0,1,0
gregor-von-nyssa-335-394-dritte-lobrede-auf-die-heiligen-vierzig-martyrer-gehalten-im-martyrium-de,7,6,4,15,0,0,5,1,0,0,main_text,0,1,0
gregor-von-nyssa-335-394-rede-auf-seinen-bruder-den-grossen-basilius-de,12,11,45,30,0,0,10,1,0,0,main_text,0,1,0
gregor-von-nyssa-335-394-rede-auf-den-festtag-der-lichter-an-dem-unser-herr-getauft-wurde-epiphanie-de,8,7,50,20,0,0,6,1,0,0,main_text,0,1,0
gregor-von-nyssa-335-394-funfte-rede-auf-die-strahlende-und-heilige-auferstehung-unseres-herrn-und-gottes-de,4,3,12,7,0,0,2,1,0,0,main_text,0,1,0
gregor-von-nyssa-335-394-vierte-rede-auf-das-heilige-und-heilbringende-osterfest-de,3,2,5,4,0,0,1,1,0,0,appendix,0,1,0
gregor-von-nyssa-335-394-dritte-rede-auf-das-heilige-osterfest-und-uber-die-auferstehung-de,8,7,26,19,0,0,6,1,0,0,main_text,0,1,0
gregor-von-nyssa-335-394-grosse-katechese-bkv-de,129,87,7,124,0,0,87,0,0,0,main_text,0,0,0
gregor-von-nyssa-335-394-einleitung-zur-grossen-katechese-de,2,1,6,4,1,0,0,0,0,0,introduction,1,0,0
gregor-von-nyssa-335-394-rede-auf-pulcheria-de,5,4,16,10,0,0,3,1,0,0,main_text,0,1,0
gregor-von-nyssa-335-394-rede-auf-die-geburt-unsers-herrn-jesus-christus-und-die-ermordung-der-kinder-bethlehem-durch-herodes-de,10,9,38,25,0,0,8,1,0,0,main_text,0,1,0
gregor-von-nyssa-335-394-zweite-rede-von-der-liebe-zu-den-armen-de,7,6,18,20,0,0,5,1,0,0,main_text,0,1,0
gregor-von-nyssa-335-394-acht-homilien-uber-die-acht-seligkeiten-bkv-de,58,49,15,115,6,0,43,0,0,0,main_text,1,0,0
gregor-von-nyssa-335-394-einleitung-zur-schrift-uber-die-seligpreisungen-de,2,1,2,3,1,0,0,0,0,0,introduction,1,0,0
gregor-von-nyssa-335-394-lebensbeschreibung-seiner-schwester-makrina-bkv-de,38,36,33,36,0,0,36,0,0,0,main_text,0,0,0
gregor-von-nyssa-335-394-einleitung-zur-schrift-das-leben-makrinas-de,2,1,4,4,1,0,0,0,0,0,introduction,1,0,0
gregor-von-tours-538-593-zehn-bucher-frankischer-geschichte-de,454,452,915,2277,1,0,438,0,0,13,main_text,1,0,1
gregor-von-tours-538-593-einleitung-vorrede-in-die-zehn-bucher-frankischer-geschichte-de,9,7,96,83,1,0,6,0,0,0,main_text,1,0,0
hermas-150-der-hirte-des-hermas-bkv-de,132,115,85,229,1,0,114,0,0,0,main_text,1,0,0
hermas-150-einleitung-zum-hirte-des-hermas-de,2,1,40,12,1,0,0,0,0,0,introduction,1,0,0
hermias-der-philosoph-verspottung-der-nichtchristlichen-philosophen-bkv-de,11,10,2,11,0,0,10,0,0,0,main_text,0,0,0
hieronymus-347-420-uber-die-bestandige-jungfrauschaft-mariens-gegen-helvidius-bkv-de,25,24,135,27,0,0,23,1,0,0,main_text,0,1,0
hieronymus-347-420-an-den-presbyter-riparius-de,5,4,35,4,0,0,3,1,0,0,main_text,0,1,0
hieronymus-347-420-auf-den-tod-fabiolas-an-oceanus-epistula-77-bkv-de,13,12,59,12,0,0,11,1,0,0,main_text,0,1,0
hieronymus-347-420-gegen-vigilantius-bkv-de,18,17,70,18,0,0,16,1,0,0,main_text,0,1,0
hieronymus-347-420-das-leben-der-hl-witwe-paula-einsiedlerin-zu-bethlehem-epistula-108-bkv-de,35,34,286,39,0,0,33,1,0,0,main_text,0,1,0
hieronymus-347-420-dialog-gegen-die-pelagianer-bkv-de,95,90,727,255,0,0,90,0,0,0,main_text,0,0,0
hieronymus-347-420-briefe-bkv-de,769,670,4230,1020,84,0,565,0,0,21,main_text,1,0,1
hieronymus-347-420-einleitung-verzeichnisse-zu-den-briefen-des-hieronymus-de,10,6,50,91,1,0,2,3,0,0,appendix,1,1,0
hieronymus-347-420-homilie-uber-die-geburt-des-herrn-bkv-de,2,1,23,9,0,0,1,0,0,0,main_text,0,0,0
hieronymus-347-420-uber-den-psalm-91-bkv-de,2,1,15,7,0,0,1,0,0,0,main_text,0,0,0
hieronymus-347-420-uber-den-psalm-95-bkv-de,2,1,15,9,0,0,1,0,0,0,main_text,0,0,0
hieronymus-347-420-uber-den-tod-paulinas-an-pammachius-epistula-66-bkv-de,16,15,68,15,0,0,14,1,0,0,main_text,0,1,0
hieronymus-347-420-uber-isaias-vi-1-7-bkv-de,2,1,91,11,0,0,1,0,0,0,main_text,0,0,0
hieronymus-347-420-leben-des-hl-einsiedlers-hilarion-bkv-de,67,47,78,48,0,0,45,2,0,0,main_text,0,1,0
hieronymus-347-420-leben-und-gefangenschaft-des-monches-malchus-bkv-de,11,10,14,10,0,0,10,0,0,0,main_text,0,0,0
hieronymus-347-420-leben-des-hl-paulus-des-ersten-einsiedlers-bkv-de,19,18,23,21,0,0,17,1,0,0,main_text,0,1,0
hieronymus-347-420-zur-erinnerung-an-die-witwe-marcella-an-die-jungfrau-principia-epistula-127-bkv-de,15,14,44,14,0,0,13,1,0,0,main_text,0,1,0
hilarius-von-poitiers-315-367-kommentar-zum-evangelium-des-matthaus-bkv-de,403,367,156,469,0,0,362,1,0,4,main_text,0,1,1
hilarius-von-poitiers-315-367-gegen-die-arianer-oder-gegen-auxentius-von-mailand-bkv-de,17,16,6,34,0,0,16,0,0,0,main_text,0,0,0
hilarius-von-poitiers-315-367-uber-die-synoden-oder-uber-den-glauben-der-orientalen-bkv-de,94,93,96,263,0,0,92,0,0,1,main_text,0,0,1
hilarius-von-poitiers-315-367-zwolf-bucher-uber-die-dreieinigkeit-bkv-de,594,581,1508,2027,0,0,574,2,4,1,main_text,0,1,1
hilarius-von-poitiers-315-367-einleitung-zu-des-heiligen-bischofs-hilarius-von-poitiers-zwolf-bucher-uber-die-dreieinigkeit-de,16,15,3,32,1,0,14,0,0,0,main_text,1,0,0
hilarius-von-poitiers-315-367-erstes-schreiben-des-heiligen-hilarius-an-konstantius-augustus-bkv-de,9,8,10,16,0,0,8,0,0,0,main_text,0,0,0
hilarius-von-poitiers-315-367-der-brief-an-seine-tochter-bkv-de,8,7,3,8,0,0,7,0,0,0,main_text,0,0,0
hilarius-von-poitiers-315-367-zweites-schreiben-des-heiligen-hilarius-an-konstantius-augustus-bkv-de,12,11,9,22,0,0,10,1,0,0,main_text,0,1,0
hilarius-von-poitiers-315-367-schreiben-des-heiligen-hilarius-gegen-den-kaiser-konstantius-bkv-de,36,33,67,66,0,0,33,0,0,0,main_text,0,0,0
hilarius-von-poitiers-315-367-morgengesang-bkv-de,2,1,0,37,0,0,1,0,0,0,main_text,0,0,0
hilarius-von-poitiers-315-367-abhandlungen-uber-die-psalmen-bkv-de,1370,1282,1608,1438,1,0,1277,0,0,4,main_text,1,0,1
hippolytus-von-rom-170-235-canones-bkv-de,39,39,93,138,1,0,30,1,0,7,main_text,1,1,1
hippolytus-von-rom-170-235-einleitung-canones-hippolyti-de,3,2,17,13,0,0,1,1,0,0,main_text,0,1,0
hippolytus-von-rom-170-235-das-buch-uber-christus-und-den-antichrist-bkv-de,68,67,118,134,0,0,59,3,1,4,main_text,0,1,1
hippolytus-von-rom-170-235-einleitung-zum-buch-uber-christus-und-den-antichrist-de,4,3,13,24,0,0,2,1,0,0,main_text,0,1,0
hippolytus-von-rom-170-235-widerlegung-aller-haresien-bkv-de,261,252,674,577,0,0,241,7,0,4,main_text,0,1,1
ignatius-von-antiochien-35-110-die-sieben-briefe-des-ignatius-von-antiochien-bkv-de,99,99,35,197,1,0,95,0,0,3,main_text,1,0,1
ignatius-von-antiochien-35-110-einleitung-zu-den-briefen-des-ignatius-de,2,1,42,20,1,0,0,0,0,0,introduction,1,0,0
innozenz-i-papst-402-417-briefe-bkv-de,298,284,448,601,27,0,237,9,0,11,main_text,1,1,1
irenaus-von-lyon-130-202-gegen-die-haresien-bkv-de,930,752,1479,820,1,0,746,0,0,5,main_text,1,0,1
irenaus-von-lyon-130-202-erweis-der-apostolischen-verkundigung-bkv-de,115,102,199,104,0,0,95,1,0,6,main_text,0,1,1
johannes-cassianus-360-435-vierundzwanzig-unterredungen-mit-den-vatern-bkv-de,556,529,1230,1082,2,0,519,0,4,4,main_text,1,0,1
johannes-cassianus-360-435-einleitung-vierundzwanzig-unterredungen-mit-den-vatern-de,2,1,1,8,1,0,0,0,0,0,introduction,1,0,0
johannes-cassianus-360-435-sieben-bucher-uber-die-menschwerdung-christi-bkv-de,120,112,223,224,1,0,110,1,0,0,main_text,1,1,0
johannes-cassianus-360-435-von-den-einrichtungen-der-kloster-bkv-de,301,288,292,585,9,0,275,1,0,3,main_text,1,1,1
johannes-chrysostomus-344-407-homilien-uber-die-bildsaulen-bkv-de,165,143,548,230,0,0,122,21,0,0,main_text,0,1,0
johannes-chrysostomus-344-407-einleitung-in-die-saulenhomilien-de,2,1,4,7,1,0,0,0,0,0,introduction,1,0,0
johannes-chrysostomus-344-407-erster-brief-an-theodor-bkv-de,20,19,72,107,0,0,19,0,0,0,main_text,0,0,0
johannes-chrysostomus-344-407-einleitung-erster-brief-an-theodor-de,3,2,0,25,1,0,0,1,0,0,introduction,1,1,0
johannes-chrysostomus-344-407-homilien-uber-die-busse-bkv-de,59,49,269,76,0,0,40,9,0,0,main_text,0,1,0
johannes-chrysostomus-344-407-einleitung-homilien-uber-die-busse-de,2,1,3,8,1,0,0,0,0,0,introduction,1,0,0
johannes-chrysostomus-344-407-uber-das-priestertum-bkv-de,71,64,369,254,0,0,63,0,0,1,main_text,0,0,1
johannes-chrysostomus-344-407-einleitung-uber-das-priestertum-de,14,9,315,120,0,0,9,0,0,0,main_text,0,0,0
johannes-chrysostomus-344-407-vom-jungfraulichen-stande-bkv-de,85,84,188,188,0,0,84,0,0,0,main_text,0,0,0
johannes-chrysostomus-344-407-einleitung-vom-jungfraulichen-stande-de,2,1,1,3,1,0,0,0,0,0,introduction,1,0,0
johannes-chrysostomus-344-407-briefe-an-olympias-und-papst-innocentius-de,89,83,114,235,1,0,82,0,0,0,main_text,1,0,0
johannes-chrysostomus-344-407-vorwort-zu-den-briefen-de,2,1,0,7,1,0,0,0,0,0,introduction,1,0,0
johannes-chrysostomus-344-407-kommentar-zum-briefe-des-hl-paulus-an-die-romer-bkv-de,224,190,554,1476,0,0,190,0,0,0,main_text,0,0,0
johannes-chrysostomus-344-407-einleitung-de,6,4,3,15,0,0,4,0,0,0,main_text,0,0,0
johannes-chrysostomus-344-407-kommentar-zum-briefe-des-hl-paulus-an-die-kolosser-bkv-de,72,59,385,219,0,0,59,0,0,0,main_text,0,0,0
johannes-chrysostomus-344-407-kommentar-zu-den-briefen-des-hl-paulus-an-die-epheser-bkv-de,132,107,522,543,0,0,107,0,0,0,main_text,0,0,0
johannes-chrysostomus-344-407-kommentar-zu-den-briefen-des-hl-paulus-an-die-galater-bkv-de,43,36,281,320,0,0,36,0,0,0,main_text,0,0,0
johannes-chrysostomus-344-407-vorbemerkungen-zum-kommentar-des-galaterbriefes-de,10,7,0,14,0,0,6,1,0,0,main_text,0,1,0
johannes-chrysostomus-344-407-homilien-uber-den-brief-an-die-hebraer-bkv-de,175,140,663,495,0,0,140,0,0,0,main_text,0,0,0
johannes-chrysostomus-344-407-einleitung-homilien-uber-den-brief-an-die-hebraer-de,2,1,31,8,1,0,0,0,0,0,introduction,1,0,0
johannes-chrysostomus-344-407-homilien-uber-den-brief-an-philemon-bkv-de,15,12,23,102,1,0,11,0,0,0,main_text,1,0,0
johannes-chrysostomus-344-407-kommentar-zum-briefe-des-hl-paulus-an-die-philipper-bkv-de,90,73,473,256,0,0,73,0,0,0,main_text,0,0,0
johannes-chrysostomus-344-407-homilien-uber-den-brief-an-titus-bkv-de,31,24,83,213,0,0,24,0,0,0,main_text,0,0,0
johannes-chrysostomus-344-407-homilien-uber-den-ersten-brief-an-die-korinther-bkv-de,283,237,704,1071,1,0,236,0,0,0,main_text,1,0,0
johannes-chrysostomus-344-407-homilien-uber-den-i-thessalonicher-brief-bkv-de,96,84,177,454,0,0,84,0,0,0,main_text,0,0,0
johannes-chrysostomus-344-407-homilien-uber-den-i-brief-an-timotheus-bkv-de,77,57,258,408,1,0,56,0,0,0,main_text,1,0,0
johannes-chrysostomus-344-407-homilien-uber-den-zweiten-brief-an-die-korinther-bkv-de,160,129,309,823,0,0,129,0,0,0,main_text,0,0,0
johannes-chrysostomus-344-407-homilien-uber-den-ii-thessalonicher-brief-bkv-de,44,38,58,181,1,0,37,0,0,0,main_text,1,0,0
johannes-chrysostomus-344-407-homilien-uber-den-ii-brief-an-timotheus-bkv-de,51,40,155,361,0,0,40,0,0,0,main_text,0,0,0
johannes-chrysostomus-344-407-kommentar-zum-evangelium-des-hl-matthaus-bkv-de,579,488,2147,2775,0,0,488,0,0,0,main_text,0,0,0
johannes-chrysostomus-344-407-ausgewahlte-reden-bkv-de,154,153,650,566,0,0,152,0,0,1,main_text,0,0,1
johannes-moschus-550-619-blumen-von-der-geistlichen-wiese-de,22,22,0,57,1,0,20,1,0,0,main_text,1,1,0
johannes-von-damaskus-675-750-genaue-darlegung-des-orthodoxen-glaubens-bkv-de,105,100,1033,647,0,0,97,1,0,2,main_text,0,1,1
jordanes-6-jh-das-buch-des-jordanis-von-der-herkunft-und-den-taten-der-goten-de,61,60,0,141,0,0,60,0,0,0,main_text,0,0,0
jordanes-6-jh-einleitung-und-vorwort-zu-jordanes-de,2,2,0,23,2,0,0,0,0,0,introduction,1,0,0
jordanes-6-jh-auszuge-aus-der-romischen-geschichte-des-jordanes-de,17,16,0,33,0,0,14,2,0,0,main_text,0,1,0
julius-firmicus-maternus-314-360-vom-irrtum-der-heidnischen-religionen-bkv-de,30,29,44,58,0,0,29,0,0,0,main_text,0,0,0
justin-der-martyrer-100-165-erste-apologie-bkv-de,69,68,218,149,1,0,66,1,0,0,main_text,1,1,0
justin-der-martyrer-100-165-zweite-apologie-bkv-de,16,15,30,30,0,0,13,2,0,0,main_text,0,1,0
justin-der-martyrer-100-165-dialog-mit-dem-juden-trypho-bkv-de,143,142,950,436,0,0,142,0,0,0,main_text,0,0,0
justin-der-martyrer-100-165-einleitung-de,5,4,30,48,0,0,4,0,0,0,main_text,0,0,0
justin-der-martyrer-100-165-einleitung-zu-justin-dem-martyrer-de,6,5,4,26,0,0,4,1,0,0,main_text,0,1,0
kirchenordnungen-die-kirchlichen-canones-der-hl-apostel-de,1,1,18,77,1,0,0,0,0,0,introduction,1,0,0
kirchenordnungen-apostolische-konstitutionen-und-kanones-de,261,253,1042,587,0,0,242,1,0,10,main_text,0,1,1
kirchenordnungen-das-achte-buch-der-apostolischen-konstitutionen-bkv-de,57,51,72,361,0,0,48,1,0,2,main_text,0,1,1
kirchenordnungen-einleitung-das-achte-buch-der-apostolischen-konstitutionen-de,2,1,24,6,1,0,0,0,0,0,introduction,1,0,0
koptisch-gnostische-schriften-fragmente-koptisch-gnostischer-schriften-de,4,3,1,22,0,0,3,0,0,0,main_text,0,0,0
koptisch-gnostische-schriften-einleitung-in-die-koptisch-gnostischen-schriften-de,14,12,3,61,1,0,10,0,1,0,main_text,1,0,1
koptisch-gnostische-schriften-die-pistis-sophia-de,151,149,255,1272,1,0,148,0,0,0,main_text,1,0,0
koptisch-gnostische-schriften-unbekanntes-altgnostisches-werk-de,23,23,25,142,1,0,22,0,0,0,main_text,1,0,0
laktanz-250-325-vom-zorne-gottes-bkv-de,25,24,49,146,0,0,24,0,0,0,main_text,0,0,0
laktanz-250-325-ubersicht-zu-vom-zorne-gottes-de,2,1,1,7,1,0,0,0,0,0,introduction,1,0,0
laktanz-250-325-von-den-todesarten-der-verfolger-bkv-de,53,52,66,142,1,0,50,0,0,1,main_text,1,0,1
laktanz-250-325-ubersicht-zu-von-den-todesarten-der-verfolger-de,2,1,0,8,0,0,1,0,0,0,main_text,0,0,0
laktanz-250-325-gottes-schopfung-bkv-de,21,20,127,299,1,0,19,0,0,0,main_text,1,0,0
laktanz-250-325-einleitung-zur-gottes-schopfung-de,2,1,4,14,1,0,0,0,0,0,introduction,1,0,0
laktanz-250-325-allgemeine-einleitung-de,5,4,0,8,0,0,4,0,0,0,main_text,0,0,0
laktanz-250-325-auszug-aus-den-gottlichen-unterweisungen-bkv-de,70,69,98,161,1,0,68,0,0,0,main_text,1,0,0
laktanz-250-325-einleitung-zu-den-epitome-de,2,1,0,12,1,0,0,0,0,0,introduction,1,0,0
leo-der-grosse-400-461-die-echten-briefe-v-j-440-450-bkv-de,292,290,781,901,4,0,250,0,0,36,main_text,1,0,1
leo-der-grosse-400-461-samtliche-sermonen-bkv-de,525,434,1503,479,0,0,434,0,0,0,main_text,0,0,0
leontius-neapolitanus-585-662-symeon-der-narr-um-christi-willen-de,21,21,0,39,1,0,20,0,0,0,main_text,1,0,0
liturgien-griechische-die-griechische-jakobusliturgie-bkv-de,58,39,23,322,0,0,38,0,0,1,main_text,0,0,1
liturgien-griechische-einleitung-die-griechische-jakobusliturgie-de,2,1,15,5,1,0,0,0,0,0,introduction,1,0,0
liturgien-griechische-die-griechische-markusliturgie-bkv-de,33,24,13,256,0,0,21,2,0,1,main_text,0,1,1
liturgien-griechische-einleitung-die-griechische-markusliturgie-de,2,1,2,5,0,0,1,0,0,0,main_text,0,0,0
liturgien-griechische-die-messe-der-vorgeheiligten-elemente-bkv-de,5,4,0,105,0,0,4,0,0,0,main_text,0,0,0
liturgien-griechische-einleitung-die-kleinasiatisch-byzantinischen-liturgien-de,2,1,16,13,0,0,1,0,0,0,main_text,0,0,0
liturgien-griechische-einleitung-die-orientalische-messe-der-vorgeheiligten-elemente-de,2,1,13,13,0,0,1,0,0,0,main_text,0,0,0
liturgien-griechische-einleitung-syrische-liturgien-de,8,7,26,25,0,0,7,0,0,0,main_text,0,0,0
liturgien-griechische-einleitung-zu-den-griechischen-liturgien-de,16,9,1,126,0,0,9,0,0,0,main_text,0,0,0
liturgien-griechische-einleitung-zu-den-liturgen-de,3,2,4,6,2,0,0,0,0,0,introduction,1,0,0
liturgien-griechische-das-euchologium-des-serapion-bkv-de,35,30,35,65,0,0,29,0,0,1,main_text,0,0,1
liturgien-griechische-einleitung-das-euchologium-des-bischofs-serapion-von-thmuis-de,2,1,0,15,0,0,1,0,0,0,main_text,0,0,0
liturgien-griechische-die-griechische-basiliusliturgie-bkv-de,18,14,1,72,0,0,12,2,0,0,main_text,0,1,0
liturgien-griechische-einleitung-die-griechische-basiliusliturgie-de,2,1,9,6,0,0,1,0,0,0,main_text,0,0,0
liturgien-griechische-die-griechische-chrysostomusliturgie-bkv-de,60,38,35,506,0,0,38,0,0,0,main_text,0,0,0
liturgien-griechische-einleitung-die-griechische-chrysostomusliturgie-de,2,1,15,13,0,0,1,0,0,0,main_text,0,0,0
liturgien-griechische-messe-der-sog-agyptischen-kirchenordnung-sa-ec-ii-iii-bkv-de,2,1,0,14,0,0,1,0,0,0,main_text,0,0,0
liturgien-griechische-einleitung-agyptische-liturgien-de,2,1,11,19,0,0,1,0,0,0,main_text,0,0,0
liturgien-griechische-messe-des-liturgischen-papyrus-saec-ii-bkv-de,2,1,0,12,0,0,1,0,0,0,main_text,0,0,0
makarios-der-agypter-ps-symeon-von-mesopotamien-400-einleitung-zu-makarius-de,9,7,146,45,0,0,6,1,0,0,main_text,0,1,0
makarios-der-agypter-ps-symeon-von-mesopotamien-400-zwei-briefe-bkv-de,14,12,180,19,0,0,12,0,0,0,main_text,0,0,0
makarios-der-agypter-ps-symeon-von-mesopotamien-400-funfzig-geistliche-homilien-bkv-de,511,461,1260,584,0,0,457,1,0,3,main_text,0,1,1
makarios-magnes-die-quastionen-des-griechischen-philosophen-de,46,46,3,112,1,0,45,0,0,0,main_text,1,0,0
makarios-magnes-kommentar-zur-kritik-des-neuen-testaments-de,49,46,120,226,1,0,42,0,0,3,main_text,1,0,1
martin-luther-1483-1546-d-martin-luthers-buchlein-von-der-babylonischen-gefangniss-der-kirchen-darinnen-vornehmlich-von-der-natur-zahl-und-nutzen-der-sacramenten-gehandelt-wird-de,207,198,0,211,1,0,196,1,0,0,main_text,1,1,0
martin-luther-1483-1546-d-martin-luthers-sermon-vom-ablass-und-gnade-de,21,20,4,22,0,0,17,2,0,1,main_text,0,1,1
martin-luther-1483-1546-d-m-luthers-sermon-von-der-freyheit-eines-christenmenschen-de,31,31,1,74,1,0,29,1,0,0,main_text,1,1,0
martyrerakten-ausgewahlte-akten-persischer-martyrer-bkv-de,355,333,402,370,0,0,324,1,0,8,main_text,0,1,1
martyrerakten-einleitung-und-namensverzeichnis-de,3,2,30,89,1,0,0,1,0,0,introduction,1,1,0
martyrerakten-der-martyrerbrief-aus-lugdunum-de,14,13,0,29,0,0,13,0,0,0,main_text,0,0,0
martyrerakten-einfuhrung-in-die-martyrerakten-des-zweiten-jahrhunderts-de,13,13,0,27,1,0,12,0,0,0,main_text,1,0,0
martyrerakten-die-akten-des-hl-pionius-und-seiner-genossen-bkv-de,24,23,21,25,0,0,22,1,0,0,main_text,0,1,0
martyrerakten-martyrium-des-heiligen-polykarpos-de,23,22,0,46,0,0,20,2,0,0,main_text,0,1,0
martyrerakten-martyrium-des-hl-polykarp-bkv-de,23,22,5,25,0,0,20,1,0,1,main_text,0,1,1
martyrerakten-einleitung-der-brief-des-martyrers-und-bischofs-polykarp-von-smyrna-an-die-gemeinde-von-philippi-de,2,1,29,8,1,0,0,0,0,0,introduction,1,0,0
martyrerakten-martyrium-der-heiligen-karpos-papylos-u-agathonike-de,6,5,0,37,0,0,5,0,0,0,main_text,0,0,0
martyrerakten-martyrium-des-heiligen-karpus-papylus-und-agathonike-bkv-de,6,5,2,5,0,0,5,0,0,0,main_text,0,0,0
martyrerakten-martyrium-des-apollonius-de,10,9,0,29,0,0,8,1,0,0,main_text,0,1,0
martyrerakten-martyrium-des-hl-apollonius-bkv-de,10,9,4,20,0,0,9,0,0,0,main_text,0,0,0
martyrerakten-die-gerichtsakten-des-justinus-und-seiner-gefahrten-de,7,6,0,48,0,0,5,1,0,0,main_text,0,1,0
martyrerakten-martyrium-des-hl-justin-und-seiner-genossen-bkv-de,7,6,0,7,0,0,5,1,0,0,main_text,0,1,0
martyrerakten-martyrium-des-ptolemaios-und-des-lucius-de,1,1,0,6,1,0,0,0,0,0,introduction,1,0,0
martyrerakten-das-leiden-des-scilitanischen-martyrer-bkv-de,1,1,0,29,1,0,0,0,0,0,introduction,1,0,0
martyrerakten-die-gerichtsakten-der-blutzeugen-aus-scili-de,1,1,0,31,1,0,0,0,0,0,introduction,1,0,0
martyrerakten-die-akten-der-hl-perpetua-und-felizitas-bkv-de,22,21,1,22,0,0,21,0,0,0,main_text,0,0,0
methodius-von-olympus-260-312-gastmahl-oder-die-jungfraulichkeit-bkv-de,100,86,121,231,0,0,86,0,0,0,main_text,0,0,0
methodius-von-olympus-260-312-einleitung-zum-gastmahl-von-methodius-von-olympus-de,25,21,0,57,1,0,18,2,0,0,main_text,1,1,0
minucius-felix-250-dialog-octavius-bkv-de,41,40,2,92,0,0,39,1,0,0,main_text,0,1,0
monchsleben-ostsyrisches-einleitung-ostsyr-monchsleben-de,2,1,8,12,1,0,0,0,0,0,introduction,1,0,0
monchsleben-ostsyrisches-nutzliche-geschichten-etc-von-monchen-des-klosters-bet-abe-verfasst-vom-hl-mar-thomas-bkv-de,29,25,51,75,0,0,25,0,0,0,main_text,0,0,0
monchsleben-ostsyrisches-regeln-des-klosters-des-mar-abraham-auf-dem-izala-bkv-de,3,2,53,50,0,0,2,0,0,0,main_text,0,0,0
moses-von-chorene-geschichte-gross-armeniens-de,195,191,3,959,0,0,191,0,0,0,main_text,0,0,0
moses-von-chorene-vorrede-geschichte-gross-armeniens-de,1,1,4,7,1,0,0,0,0,0,introduction,1,0,0
nemesios-von-emesa-350-420-anthropologie-de,46,45,0,195,0,0,45,0,0,0,main_text,0,0,0
nemesios-von-emesa-350-420-einleitung-und-vorwort-zur-anthropologie-nemesios-von-emesa-de,4,3,0,37,3,0,0,0,0,0,introduction,1,0,0
origenes-253-54-gegen-celsus-bkv-de,638,628,2343,1084,0,0,628,0,0,0,main_text,0,0,0
origenes-253-54-vom-gebet-bkv-de,196,157,872,163,0,0,152,1,0,4,main_text,0,1,1
origenes-253-54-einleitung-vom-gebet-de,4,3,1,10,0,0,3,0,0,0,main_text,0,0,0
origenes-253-54-uber-die-grundlehren-der-glaubenswissenschaft-bkv-de,238,208,489,217,0,0,204,0,0,4,main_text,0,0,1
origenes-253-54-einleitung-de,34,33,22,82,0,0,33,0,0,0,main_text,0,0,0
origenes-253-54-allgemeine-einleitung-uber-leben-und-schriften-des-origenes-bkv-de,40,33,41,109,1,0,30,2,0,0,main_text,1,1,0
origenes-253-54-ermahnung-zum-martyrium-bkv-de,52,51,428,78,0,0,50,1,0,0,main_text,0,1,0
origenes-253-54-einleitung-ermahnung-zum-martyrium-de,5,4,0,4,0,0,3,1,0,0,main_text,0,1,0
pachomius-292-348-leben-des-heiligen-pachomius-bkv-de,52,51,104,269,1,0,49,0,1,0,main_text,1,0,1
pachomius-292-348-einleitung-leben-des-heiligen-pachomius-de,5,4,28,50,0,0,4,0,0,0,main_text,0,0,0
palladius-von-helenopolis-363-431-leben-der-vater-bkv-de,76,75,207,287,2,0,72,0,0,1,main_text,1,0,1
palladius-von-helenopolis-363-431-einleitung-zur-historia-lausiaca-de,2,1,6,9,1,0,0,0,0,0,introduction,1,0,0
papstbriefe-echte-und-unechte-papstbriefe-1-42-309-bkv-de,333,284,1059,717,16,0,220,9,0,39,main_text,1,1,1
papstbriefe-echte-und-unechte-papstbriefe-2-310-401-bkv-de,471,421,1121,1039,58,0,321,6,0,36,main_text,1,1,1
patrick-von-irland-373-460-das-bekenntnis-des-heiligen-patricius-de,8,7,11,34,0,0,6,1,0,0,main_text,0,1,0
patrick-von-irland-373-460-einleitung-de,1,1,1,9,1,0,0,0,0,0,introduction,1,0,0
patrick-von-irland-373-460-der-brief-an-die-gefolgsleute-des-coroticus-de,1,1,3,14,1,0,0,0,0,0,introduction,1,0,0
pelerin-de-plaisance-antonini-placentini-itinerarium-de,48,47,59,51,0,0,45,1,0,1,main_text,0,1,1
pelerin-de-plaisance-einleitung-in-antonini-placentini-itinerarium-de,23,22,3,90,0,0,20,2,0,0,main_text,0,1,0
petrus-chrysologus-380-450-ausgewahlte-predigten-bkv-de,75,66,1205,371,0,0,65,0,1,0,main_text,0,0,1
philon-von-alexandria-20-50-uber-abraham-de,47,47,0,53,1,0,46,0,0,0,main_text,1,0,0
philon-von-alexandria-20-50-uber-den-dekalog-de,34,34,0,40,1,0,33,0,0,0,main_text,1,0,0
philon-von-alexandria-20-50-uber-joseph-de,45,45,0,54,1,0,44,0,0,0,main_text,1,0,0
philon-von-alexandria-20-50-uber-die-weltschopfung-de,62,62,0,90,1,0,61,0,0,0,main_text,1,0,0
philon-von-alexandria-20-50-uber-das-leben-mosis-de,115,111,0,116,0,0,111,0,0,0,main_text,0,0,0
philon-von-alexandria-20-50-einleitung-und-inhalt-uber-das-leben-mosis-de,5,3,0,24,1,0,2,0,0,0,main_text,1,0,0
polykarp-von-smyrna-69-155-der-brief-des-polykarp-von-smyrna-an-die-gemeinde-von-philippi-bkv-de,15,14,48,28,0,0,14,0,0,0,main_text,0,0,0
possidius-370-437-augustinus-leben-de,33,32,2,216,1,0,31,0,0,0,main_text,1,0,0
quodvultdeus-454-gegen-die-funf-haresien-de,20,12,109,23,1,0,9,1,0,1,main_text,1,1,1
rufin-von-aquileia-345-411-kommentar-zum-apostolischen-glaubensbekenntnis-bkv-de,45,44,172,55,0,0,44,0,0,0,main_text,0,0,0
rufin-von-aquileia-345-411-einleitung-rufin-s-leben-und-schriften-de,2,1,8,12,1,0,0,0,0,0,introduction,1,0,0
salvianus-von-marseille-405-451-des-timotheus-vier-bucher-an-die-kirche-bkv-de,61,56,129,116,0,0,56,0,0,0,main_text,0,0,0
salvianus-von-marseille-405-451-allgemeine-einleitung-zu-salvianus-leben-und-werk-de,10,9,34,38,0,0,8,1,0,0,main_text,0,1,0
salvianus-von-marseille-405-451-von-der-weltregierung-gottes-bkv-de,115,106,331,215,1,0,105,0,0,0,main_text,1,0,0
salvianus-von-marseille-405-451-briefe-bkv-de,10,9,35,36,0,0,9,0,0,0,main_text,0,0,0
sixtus-iii-papst-432-440-briefe-bkv-de,49,46,187,169,8,0,33,5,0,0,main_text,1,1,0
socrates-scholasticus-380-439-kirchengeschichte-de,257,250,0,709,3,0,247,0,0,0,main_text,1,0,0
sulpicius-severus-363-429-drei-dialoge-uber-den-hl-martinus-bkv-de,63,59,129,94,0,0,59,0,0,0,main_text,0,0,0
sulpicius-severus-363-429-drei-briefe-uber-den-hl-martinus-bkv-de,4,3,36,21,0,0,3,0,0,0,main_text,0,0,0
sulpicius-severus-363-429-leben-des-heiligen-bekennerbischofs-martinus-von-tours-bkv-de,29,28,87,43,1,0,27,0,0,0,main_text,1,0,0
synesios-von-kyrene-370-413-agyptische-erzahlungen-uber-die-vorsehung-de,29,27,0,62,1,0,26,0,0,0,main_text,1,0,0
synesios-von-kyrene-370-413-rede-an-den-selbstherrscher-arkadios-oder-uber-das-konigthum-de,33,32,0,64,0,0,32,0,0,0,main_text,0,0,0
syrische-dichter-ausgewahlte-gedichte-des-balaus-bkv-de,26,23,53,94,2,0,17,2,0,2,main_text,1,1,1
syrische-dichter-ausgewahlte-gedichte-des-jakob-v-batna-in-sarug-bkv-de,64,63,254,153,0,0,63,0,0,0,main_text,0,0,0
syrische-dichter-einleitung-uber-leben-und-schriften-jakobs-von-sarug-de,11,10,25,34,0,0,10,0,0,0,main_text,0,0,0
syrische-dichter-ausgewahlte-schriften-des-isaak-v-antiochien-bkv-de,71,70,261,139,0,0,70,0,0,0,main_text,0,0,0
syrische-dichter-einleitung-uber-die-unter-dem-namen-isaaks-von-antiochien-uberlieferten-schriften-de,9,7,30,20,0,0,7,0,0,0,main_text,0,0,0
syrische-dichter-vorrede-zu-den-schriften-der-syrischen-dichter-de,2,1,0,6,1,0,0,0,0,0,introduction,1,0,0
syrische-dichter-samtliche-gedichte-des-cyrillonas-bkv-de,7,6,96,103,0,0,6,0,0,0,main_text,0,0,0
syrische-dichter-einleitung-uber-leben-und-schriften-des-cyrillonas-de,2,1,19,8,1,0,0,0,0,0,introduction,1,0,0
tatian-120-173-rede-an-die-bekenner-des-griechentums-bkv-de,43,43,290,52,0,0,41,1,0,1,main_text,0,1,1
tatian-120-173-einleitung-zu-tatians-rede-an-die-bekenner-des-griechentums-de,7,6,25,42,1,0,4,1,0,0,main_text,1,1,0
tertullian-160-220-an-die-martyrer-de,7,6,12,14,0,0,5,0,0,1,main_text,0,0,1
tertullian-160-220-einleitung-kathechteische-schriften-uber-die-schauspiele-uber-die-idolatrie-uber-den-weiblichen-putz-an-die-martyrer-zeugnis-der-seele-uber-die-busse-uber-das-gebet-uber-die-taufe-gegen-die-juden-aufforderung-zur-keuschheit-de,11,10,6,39,1,0,9,0,0,0,main_text,1,0,0
tertullian-160-220-an-scapula-bkv-de,6,6,24,18,1,0,5,0,0,0,main_text,1,0,0
tertullian-160-220-die-zwei-bucher-an-seine-frau-de,20,17,42,52,0,0,17,0,0,0,main_text,0,0,0
tertullian-160-220-einleitung-personliche-schriften-uber-das-pallium-oder-den-philosophenmantel-uber-die-geduld-und-an-seine-frau-de,5,3,10,22,0,0,2,1,0,0,main_text,0,1,0
tertullian-160-220-gegen-hermogenes-bkv-de,46,45,71,108,0,0,45,0,0,0,main_text,0,0,0
tertullian-160-220-gegen-die-juden-bkv-de,15,10,55,44,1,0,9,0,0,0,main_text,1,0,0
tertullian-160-220-die-funf-bucher-gegen-marcion-bkv-de,93,88,247,394,1,0,87,0,0,0,main_text,1,0,0
tertullian-160-220-gegen-praxeas-bkv-de,32,31,206,119,0,0,31,0,0,0,main_text,0,0,0
tertullian-160-220-gegen-die-valentinianer-bkv-de,40,39,33,91,0,0,39,0,0,0,main_text,0,0,0
tertullian-160-220-apologetikum-bkv-de,51,51,327,168,1,0,50,0,0,0,main_text,1,0,0
tertullian-160-220-uber-die-seele-bkv-de,59,58,139,311,0,0,58,0,0,0,main_text,0,0,0
tertullian-160-220-uber-die-taufe-bkv-de,21,20,66,49,0,0,20,0,0,0,main_text,0,0,0
tertullian-160-220-uber-den-leib-christi-bkv-de,26,25,81,130,0,0,25,0,0,0,main_text,0,0,0
tertullian-160-220-vom-kranze-des-soldaten-bkv-de,16,16,114,58,1,0,13,0,0,2,main_text,1,0,1
tertullian-160-220-uber-den-weiblichen-putz-bkv-de,25,23,27,55,1,0,22,0,0,0,main_text,1,0,0
tertullian-160-220-uber-die-aufforderung-zur-keuschheit-bkv-de,14,14,38,44,1,0,13,0,0,0,main_text,1,0,0
tertullian-160-220-uber-das-fliehen-in-der-verfolgung-bkv-de,15,14,68,50,0,0,13,0,0,1,main_text,0,0,1
tertullian-160-220-uber-den-gotzendienst-bkv-de,25,25,62,66,1,0,24,0,0,0,main_text,1,0,0
tertullian-160-220-uber-das-fasten-gegen-die-psychiker-bkv-de,18,18,134,62,1,0,17,0,0,0,main_text,1,0,0
tertullian-160-220-uber-die-einmalige-ehe-bkv-de,18,18,171,62,1,0,17,0,0,0,main_text,1,0,0
tertullian-160-220-uber-das-gebet-bkv-de,30,29,81,66,0,0,28,0,0,1,main_text,0,0,1
tertullian-160-220-uber-die-busse-bkv-de,13,13,21,47,1,0,11,0,0,1,main_text,1,0,1
tertullian-160-220-uber-das-pallium-oder-den-philosophenmantel-bkv-de,7,6,62,36,0,0,6,0,0,0,main_text,0,0,0
tertullian-160-220-uber-die-geduld-bkv-de,17,17,27,54,1,0,16,0,0,0,main_text,1,0,0
tertullian-160-220-die-prozesseinreden-gegen-die-haretiker-bkv-de,45,45,160,96,1,0,43,0,1,0,main_text,1,0,1
tertullian-160-220-uber-die-ehrbarkeit-bkv-de,23,23,337,123,1,0,22,0,0,0,main_text,1,0,0
tertullian-160-220-uber-die-auferstehung-des-fleisches-bkv-de,64,63,265,247,0,0,62,0,0,1,main_text,0,0,1
tertullian-160-220-uber-die-schauspiele-bkv-de,31,31,43,66,1,0,30,0,0,0,main_text,1,0,0
tertullian-160-220-das-zeugnis-der-seele-bkv-de,7,7,5,20,1,0,6,0,0,0,main_text,1,0,0
tertullian-160-220-uber-die-verschleierung-der-jungfrauen-bkv-de,18,17,36,50,0,0,17,0,0,0,main_text,0,0,0
tertullian-160-220-allgemeine-einleitung-zu-tertullian-de,30,22,51,94,0,0,22,0,0,0,main_text,0,0,0
tertullian-160-220-arznei-gegen-skorpionstich-bkv-de,16,16,124,69,1,0,15,0,0,0,main_text,1,0,0
theodoret-von-cyrus-393-466-allgemeine-einleitung-zu-theodoret-bkv-de,62,51,341,186,1,0,47,0,0,3,main_text,1,0,1
theodoret-von-cyrus-393-466-kirchengeschichte-bkv-de,180,174,437,745,1,0,165,1,0,7,main_text,1,1,1
theodoret-von-cyrus-393-466-the-ecclesiastical-history-of-theodoret-ccel-de,160,155,710,865,2,0,152,0,0,1,main_text,1,0,1
theodoret-von-cyrus-393-466-monchsgeschichte-bkv-de,33,32,136,352,1,0,31,0,0,0,main_text,1,0,0
theophilus-von-antiochien-183-an-autolykus-bkv-de,86,82,140,425,0,0,79,3,0,0,main_text,0,1,0
theophilus-von-antiochien-183-anhang-chronologie-des-hl-theophilus-de,9,8,0,106,0,0,6,2,0,0,main_text,0,1,0
theresia-von-jesu-1515-1582-berichte-und-gunstbezeigungen-der-hl-theresia-de,71,68,0,247,0,0,67,1,0,0,main_text,0,1,0
theresia-von-jesu-1515-1582-briefe-de,463,459,0,6015,0,0,459,0,0,0,main_text,0,0,0
theresia-von-jesu-1515-1582-vorwort-und-einfuhrung-in-die-briefe-theresias-von-jesu-de,3,2,0,21,1,0,1,0,0,0,introduction,1,0,0
theresia-von-jesu-1515-1582-das-buch-der-klosterstiftungen-der-hl-theresia-von-jesu-de,769,756,0,951,0,0,755,1,0,0,main_text,0,1,0
theresia-von-jesu-1515-1582-einfuhrung-und-vorrede-in-das-buch-der-klosterstiftungen-de,8,7,0,41,1,0,6,0,0,0,main_text,1,0,0
theresia-von-jesu-1515-1582-das-leben-der-heiligen-theresia-von-jesu-de,635,634,0,685,1,0,633,0,0,0,main_text,1,0,0
theresia-von-jesu-1515-1582-die-seelenburg-de,400,396,0,485,1,0,393,2,0,0,main_text,1,1,0
theresia-von-jesu-1515-1582-vorwort-und-einfuhrung-in-die-seelenburg-de,3,2,0,20,1,0,1,0,0,0,introduction,1,0,0
theresia-von-jesu-1515-1582-gedanken-uber-die-liebe-gottes-de,122,122,0,165,2,0,118,2,0,0,main_text,1,1,0
theresia-von-jesu-1515-1582-vorwort-und-einfuhrung-in-die-gedanken-uber-die-liebe-gottes-de,3,2,0,12,1,0,1,0,0,0,introduction,1,0,0
theresia-von-jesu-1515-1582-gedichte-der-heiligen-de,31,30,0,1040,0,0,30,0,0,0,main_text,0,0,0
theresia-von-jesu-1515-1582-vorwort-und-einfuhrung-in-die-gedichte-der-heiligen-de,3,2,0,12,1,0,1,0,0,0,introduction,1,0,0
theresia-von-jesu-1515-1582-kleinere-schriften-de,13,12,0,221,0,0,10,2,0,0,main_text,0,1,0
theresia-von-jesu-1515-1582-rufe-der-seele-zu-gott-de,84,66,0,76,0,0,65,1,0,0,main_text,0,1,0
theresia-von-jesu-1515-1582-vorwort-und-einfuhrung-in-die-rufe-der-seele-zu-gott-de,3,2,0,9,1,0,1,0,0,0,introduction,1,0,0
theresia-von-jesu-1515-1582-satzungen-de,19,19,0,143,1,0,17,1,0,0,main_text,1,1,0
theresia-von-jesu-1515-1582-vorwort-und-einfuhrung-in-die-satzungen-de,3,2,0,14,1,0,1,0,0,0,introduction,1,0,0
theresia-von-jesu-1515-1582-visitationsverfahren-de,52,51,0,51,0,0,51,0,0,0,main_text,0,0,0
theresia-von-jesu-1515-1582-vorwort-und-einfuhrung-in-die-visitationsverfahren-de,3,2,0,13,1,0,1,0,0,0,introduction,1,0,0
theresia-von-jesu-1515-1582-weg-der-vollkommenheit-de,415,415,0,485,2,0,411,2,0,0,main_text,1,1,0
theresia-von-jesu-1515-1582-vorwort-und-einfuhrung-in-den-weg-der-vollkommenheit-de,3,2,0,20,1,0,1,0,0,0,introduction,1,0,0
thomas-von-aquin-1225-1274-summe-der-theologie-de,3701,3142,3,11849,3,0,3135,4,0,0,main_text,1,1,0
thomas-von-aquin-1225-1274-summe-der-theologie-prima-pars-de,822,665,0,2482,1,0,664,0,0,0,main_text,1,0,0
thomas-von-aquin-1225-1274-summe-der-theologie-prooemium-de,2,1,1,3,0,0,1,0,0,0,main_text,0,0,0
vinzenz-von-lerins-445-commonitorium-bkv-de,34,33,160,113,1,0,31,1,0,0,main_text,1,1,0
zenon-von-verona-300-371-predigten-und-ansprachen-bkv-de,224,205,750,370,1,0,185,16,0,3,main_text,1,1,1
zosimos-460-520-neue-geschichte-bkv-de,300,293,494,680,0,0,286,6,0,1,main_text,0,1,1
zosimos-460-520-vorrede-zum-zweiten-band-de,9,6,14,20,0,0,5,0,0,1,main_text,0,0,1
zosimos-460-520-uber-zosimus-und-dessen-glaubwurdigkeit-de,8,8,42,22,1,0,7,0,0,0,main_text,1,0,0
zosimus-papst-417-418-briefe-bkv-de,113,105,173,197,14,0,81,5,0,5,main_text,1,1,1
